protein,site,logFC
Q8WXF0,S167,1.817676316
O95071,T637,1.079439989
Q9HC35,S176,3.102290012
Q14684,S513,1.926848348
Q3KQU3,S313,1.274173216
O60678,S25,1.325564455
Q15022,S583,1.146816582
Q6ZRV2,S436,1.397593008
Q6J9G0,S91,1.964370613
Q9UHB6,S692,1.271157276
P18669,S31,1.464785727
P16070,S704,1.887501116
Q8IWE2,S261,1.606846398
Q9UQ35,T1880,1.851917895
Q99567,S168,2.352264236
P13647,S71,3.528759514
Q16204,S52,1.44676669
Q7Z5J4,S1013,1.325457634
Q659A1,S457,1.275107544
P19012,S34,1.179372158
Q13595,S20,1.679421271
Q5W0V3,S190,1.710122515
P10451,S311,1.172066574
Q99959,S135,1.496782691
Q9H7N4,S498,1.041159069
O75400,S858,1.624875233
Q14160,S668,1.025702557
Q9H8V3,T359,3.507785407
Q9NVU7,S459,1.205052765
Q9P2E9,T275,1.756248087
P15924,S2821,2.470087689
Q6PL18,T1152,1.81453397
P10451,S234,2.559431807
Q9P258,S46,1.382424166
O14545,S480,1.095098339
O43852,S69,1.032293275
Q9UGQ3,S496,1.017444855
Q4AC94,S1891,1.048285485
Q12774,S1011,1.654568461
P17096,S9,2.517332076
P52701,S830,2.986616559
Q15223,Y436,2.831321218
O15042,S485,2.524393508
P13639,T57,1.251245253
Q9ULW0,T147,1.308812995
O95382,S251,1.018138125
Q9UGU0,S1122,1.570666951
P19338,T121,3.129986469
Q9UPP1,S120,1.391917631
Q9UFC0,S243,2.36281035
Q9NVP2,T179,1.179167004
Q8IYB3,S211,1.041046333
Q7Z6E9,T984,1.127492478
Q5W0B1,S210,3.041748074
P43364,S76,1.720263333
Q8N3F8,S612,1.129490645
Q5VZL5,S1547,1.157447879
Q9NZI5,S77,1.940256314
Q96T23,S1310,1.82215589
Q5SYE7,S328,1.520879182
Q0IIM8,S953,1.481919371
O94762,S491,1.45149696
P52597,S187,1.691588749
Q6ZNB6,S331,1.339630643
P46020,S981,1.200379018
O75153,S664,1.189925363
Q9ULW0,S738,1.978734
Q99590,S533,1.701677023
Q9Y4B5,S77,1.695210154
Q9NQW6,S65,3.164234153
Q4ZHG4,S548,1.935138921
P35658,S1353,1.088444436
A6NEL2,S761,1.03000668
P57081,S391,1.375443211
O43719,S391,1.594395084
Q8IYB3,T572,1.479219775
Q9NS56,S866,1.054344468
Q9BW71,S291,1.546151589
Q5W0B1,S553,1.190467056
Q7Z5L9,S318,1.031222502
Q8N5G2,S305,1.623926647
Q9UQR1,T670,1.364716725
Q86X27,T290,1.233173268
Q6P158,S132,1.131011045
Q6P158,S480,1.519077841
Q8IWD4,S53,1.15619244
Q9BZF1,S342,1.63619464
Q8NEY1,S90,1.193528224
Q99618,S87,2.452675755
Q7Z4V5,S234,1.331513773
Q8IY81,S335,1.664657134
P32249,S328,1.725997369
Q5T0W9,S729,3.558195134
O60292,S1160,1.000645234
P50454,S141,1.108510516
Q71RC2,S647,2.578798872
Q92922,T335,1.361215961
P43358,S90,1.38997123
Q9NYF8,S300,1.090074704
Q76L83,S562,1.218833319
O60231,S103,1.348013831
O60701,S476,1.934817831
Q8N5Y2,S147,1.009226492
Q53GA4,S42,1.198537657
Q14202,T795,1.17729824
Q13442,S63,1.487590612
Q6ZV89,S12,1.36810734
Q9UIG0,S312,1.007256001
Q86XL3,S528,1.219087003
Q96C57,S138,1.236989713
P13647,S38,3.087092161
Q8NBX0,S217,1.87170799
Q6MZP7,S310,2.47128828
P15924,S2209,2.032775323
O75569,S130,1.330765625
Q2KJY2,S1006,1.038387343
Q96JM2,S688,1.373172939
P26358,S127,1.59773283
Q9H8V3,S367,1.666118419
Q9Y4B5,S756,1.522808094
P00533,S1064,1.975586307
Q8NC51,S234,1.198653286
Q9Y6M7,S403,1.417590369
O43159,S104,1.030206102
Q5T5P2,S1568,1.133776846
P13647,S26,1.573680654
P49321,T464,1.239337747
Q8N5U6,S41,1.119480362
P51532,S1570,1.860428371
O60566,S670,2.323087787
Q9Y5Q3,S318,1.066199575
Q8IVF2,S280,1.113627568
P78559,S1600,1.770434865
Q8TB61,S427,1.301442016
Q9UQ35,S2426,1.530440954
Q9Y2F5,S516,1.362895637
O00418,T353,1.737705745
P49321,S189,2.34797399
P10809,S70,1.764249162
A6ND36,S760,1.078349744
Q5T0W9,S809,2.704501546
Q13428,S1410,1.801873668
Q8NC74,S196,1.546393724
Q9UPY3,S413,1.780030011
A6ND36,S807,2.290335866
Q8WVC0,S220,2.232306087
Q99835,S771,1.485449596
Q9Y4F5,S673,1.022645843
Q6KC79,S1089,1.106831368
Q92685,S13,1.448584647
Q9HCM7,S937,1.121056242
Q15061,S431,1.900294976
Q13435,S307,1.104147296
P05783,S398,1.128581796
O60502,S511,1.0275892
P49321,S244,1.928915515
P49792,S1374,1.705519252
Q8TDB6,S539,1.044428517
Q8WXE1,S239,1.059653751
P27448,S400,1.684413017
Q8NCD3,S473,2.291419244
Q9Y4K1,S141,1.592878397
Q5T1M5,S1195,1.110724832
Q7Z417,S572,1.132495701
Q92667,S445,1.38878494
P51531,S1528,1.315165432
P23588,S359,1.046495766
Q9UDT6,S42,1.071168972
Q9NU22,S4754,1.139508321
Q96GX9,S87,2.039675662
P30307,S263,1.178522665
Q9NR99,S1525,3.02347993
P36578,S295,2.200397381
Q9UHR4,S331,1.518475414
Q6P597,S466,1.02251759
Q99956,S16,2.104187331
Q9UGU0,T1762,1.026890578
P04259,S541,1.868233954
Q96FZ2,S160,1.268607519
Q8NEY1,S672,1.009901504
Q969J2,S501,1.47649224
P53985,S467,2.329972617
P41227,S182,1.836799662
Q8IY81,S336,2.02403202
P48634,S1435,2.33753744
Q9NRA8,S173,2.602886194
Q9UIF9,S1783,1.718323501
Q15223,S422,2.063944783
Q53HL2,T204,1.022264458
Q66K14,S407,1.256527106
Q6ZRV2,S914,1.168506881
Q86UE8,T78,1.375785916
Q66K74,S547,1.084823363
P46013,S374,2.99456686
Q96RU2,S495,1.311799915
Q6N021,S99,1.922929462
A0AVT1,S743,1.090613614
P19012,S22,1.100947329
P46821,S1252,2.411482034
Q9UGU0,S1019,1.240836475
O95684,T170,2.00925271
P15924,S2608,2.012427714
Q6ZRV2,S925,1.117065071
Q9Y5A9,S569,2.514259518
Q8IVF2,T228,1.439755721
Q99929,S28,2.023605834
Q9H6F5,S110,1.314316118
Q71RC2,S583,1.033736448
O60231,S141,1.057541804
Q9ULW0,T369,3.256836512
P26358,S154,2.501789658
Q08378,S115,1.521847241
Q6ZRV2,S828,2.273957929
P46013,S859,2.337079927
Q6RI45,S702,1.05605463
Q13111,S206,1.245567628
Q9Y6M7,S1198,1.728241888
Q9H9L4,S172,1.042166335
Q9NRG0,S124,1.080140099
Q14160,S1285,1.286331255
Q8N5P1,S59,1.837837563
P42575,S340,1.085363419
P50851,S1100,1.604192982
P56962,S289,1.228139596
P56589,S201,1.383973896
Q4LE39,S274,1.308957519
Q92522,S31,1.248247976
Q9BU76,S233,1.152367364
O60832,S21,1.099346749
Q9H6U6,S570,1.085744554
Q9UBU7,S381,2.235776507
Q9H2H9,S49,1.522552862
Q9NV64,S41,1.069524098
Q9UQ35,S1233,1.688379506
O15164,S1028,2.161570562
Q3B726,T322,1.01183055
O14745,S269,1.586146935
Q9UBP0,T303,1.379423927
Q9NS87,S568,2.839682591
Q9UPT8,S808,1.883789165
Q13428,T249,1.250185755
Q08209,S492,1.055823178
Q7Z6Z7,S3759,1.059588626
P13647,S353,2.669890948
P16144,T1530,2.280175709
Q8WUM0,S131,1.673753757
Q8IYB3,S431,1.403659539
O43166,S1270,1.269008041
Q9H6K1,S215,1.5375629
P13646,S144,1.933804937
O15027,S2130,1.25842931
P49792,T1412,2.524097777
Q5T0W9,S976,2.336464999
Q15291,S497,3.001184556
O43719,S600,1.610243472
Q7Z5K2,S459,1.459162653
Q8IWY9,T71,1.94112749
Q6PJT7,S620,2.896848513
P30291,S150,2.209524538
P56589,S221,1.560794556
P09884,S209,1.637161448
Q2KHR3,T1207,1.41879419
Q14676,S376,1.168017698
Q8NBZ0,T90,1.35503231
Q9P206,S545,1.277627324
Q9UGU0,S505,2.571666819
P10451,T190,1.168763811
Q9NYB0,S36,3.058852217
Q9UGU0,S544,1.467323562
P06748,T219,2.596223615
P35251,T506,2.980041027
P35442,S238,1.491290985
Q9UGU0,T1671,1.127947667
Q9UNS1,S1149,1.904557617
P46013,S357,2.504224155
Q96JM3,S452,1.443278153
O14896,S122,1.603246563
O95562,S9,1.082464562
Q9Y3B9,S67,1.464585066
Q8IZL8,S481,1.164813621
Q96ST2,S415,1.414424256
Q9Y3C6,S149,1.426423783
Q9Y6A5,S434,1.334186074
Q9UGU0,T1764,1.943520546
Q2NKX8,S1028,1.660825909
Q5SW79,S1198,1.390038848
Q9NS56,S864,1.054344468
Q9BPX5,S64,1.064131331
P18858,T233,1.8245738
Q9P1Y6,S1034,1.721929375
P19338,S67,2.468068368
Q2NKX8,S820,2.264445524
A6NHR9,S1709,2.119413001
O15355,S201,1.395219502
P25685,S16,1.428053495
P27482,S118,2.707864169
Q9BQG0,S1163,1.926890221
O43148,T77,2.213993852
Q8IWC1,S461,1.244034479
Q99959,S251,2.412972336
Q08945,S673,1.621632827
P24534,S8,1.104460425
Q9Y285,S301,1.032496908
Q92547,S888,2.015056299
Q14191,S1133,1.675638026
Q969S3,S143,2.369686196
P18887,T453,2.115269041
Q9P2E9,S615,1.856824457
Q76M96,S503,2.02138082
P60228,S399,1.5459511
P08779,S39,1.569067847
Q15003,S432,1.938818147
Q12872,S834,1.542871406
Q99618,S94,2.930186537
Q12888,S1430,1.050479405
Q8IYB3,S797,2.168614382
P46100,S1348,1.24092543
Q92766,S1175,1.129576097
Q03393,S19,1.76548097
Q702N8,S295,1.855040946
Q9UQ35,S1499,1.307817569
Q7Z2W4,S101,2.966656513
Q96NE9,S544,2.060873756
P18858,S141,1.031983478
Q96Q45,S62,1.118847305
Q9H910,S69,2.052205968
Q9ULX6,S326,1.071188592
Q14680,S505,2.080328954
Q6PJF5,S387,1.974245363
Q9NRL2,S702,1.423491278
O60231,S107,1.093423142
Q9NR30,S89,2.867186922
Q6ZRV2,S523,1.779811176
Q8WVC0,T188,1.125229572
Q6NSJ2,S254,1.024025894
Q9UKL3,S1537,1.230769222
Q9BXY0,S200,1.361274401
P13611,S2116,1.658844865
Q8N6L1,T124,1.388747373
Q5VV42,S99,1.718316279
O43818,S53,1.238478531
Q7Z4H7,S507,1.050575861
Q9H582,T1020,1.78946984
Q92598,T815,1.179371112
Q5VUA4,S1896,1.379282123
Q13586,S257,1.288673462
Q96Q45,S25,1.576922846
Q8N8Z6,S513,1.052770626
Q9UGU0,S574,1.200174937
O15372,S183,1.602744877
Q86VM9,S94,1.026213802
P30291,T190,2.769295279
Q96Q45,S104,2.089452855
Q9UNS1,S1121,2.550110723
Q9H3H1,S455,1.600744422
P31947,T207,1.054573513
Q8IWI9,S2921,1.497993382
Q2KHR3,S615,1.174821016
A6ND36,S356,1.542695784
Q12905,S385,1.697577729
A7KAX9,S682,1.271334189
Q7L9B9,S554,1.199229546
Q9ULW0,T72,1.974738953
P49790,T699,1.787119278
Q8IYB3,S393,1.008630082
Q9UQ35,T2599,2.978571022
Q8N3X1,T517,1.096435914
P15822,S866,1.094233084
P52701,S200,1.219591132
Q15334,S1044,2.634660217
Q9UBH6,S668,1.351670808
O43598,S123,1.315174963
Q15758,S493,1.97857451
P35658,S666,1.687561348
Q5SW79,S126,1.936192259
Q9H501,S694,1.87382923
O00515,S394,2.399476403
O43683,S655,2.713521787
Q6ZRV2,S1048,2.392881494
Q92925,S203,2.261716341
Q8NC74,S645,1.586101755
P28290,S752,1.00043221
Q9H582,S356,1.146912409
Q13586,S512,1.503267513
Q6PL18,S342,3.824833182
Q8N1F7,S767,1.956601777
A4D1S0,S177,1.227547565
Q92922,S310,1.153779735
P46821,S1171,1.082841663
P19634,S697,1.214564085
P35251,S69,1.619162567
Q8IVF2,S1418,1.725579634
Q9H6F5,S66,1.504647849
Q13416,S280,1.469059928
Q14680,S336,2.135376636
Q1W6H9,S241,1.875767748
A1L390,S423,1.265773325
Q9NS91,S99,1.497241148
Q9Y2D9,T103,1.035333285
Q99640,T455,2.217727204
P15924,S176,2.744560881
Q99959,S151,1.008972304
O75665,S686,1.033533627
A2AJT9,S17,1.241892965
Q13129,S41,1.003061658
Q5THJ4,S1067,1.049991222
O43719,S445,1.032821362
Q07666,T33,1.151022379
Q9NQW6,S485,2.275922855
O15541,S46,1.605887507
Q96T23,S1282,1.831588267
Q15223,S434,2.748043924
Q15388,S135,1.040950171
Q9UIG0,S361,1.206446868
P49736,S40,1.354750347
A6NEL2,S510,1.800012989
Q15003,T49,1.595092992
P16144,S1084,1.946727912
Q5VUA4,S1238,1.153974048
P13051,S23,1.987618578
Q9Y597,S148,1.37190423
O75533,S488,2.051468536
P46013,S1679,2.489845632
Q9NQW6,S182,1.142348997
Q8N5I9,S178,1.439340568
Q7Z2Z1,S292,1.128005195
Q6VY07,S495,1.672028121
Q9NR30,S13,1.030568769
Q13428,S503,1.193717536
Q68D51,S504,1.479081786
Q8TEK3,S374,1.060070926
P11388,S1332,1.325168333
P10451,S62,2.234718235
Q15853,T230,1.156678874
Q9UGL1,S1384,1.608367717
Q9BZF1,S807,1.294616074
Q92674,S284,2.002295361
Q8IVF2,T5513,1.010709031
O60343,S782,1.236538355
P27708,S1859,1.58602359
Q6UXY1,S478,2.232749492
Q9UQB8,S454,1.437701913
P24593,S116,1.147923023
P46013,T2203,1.620189811
O14503,S207,1.081917127
Q13428,S87,1.309266607
P02538,S37,3.55470139
P12270,S1185,1.41837537
P28290,S153,1.194289417
P53621,S402,2.37292775
Q9Y446,S95,3.317131208
O43741,S95,1.118092221
Q13523,S368,1.220638157
Q86U42,S95,1.532598231
P48380,S674,1.162599518
O95793,T372,1.931025233
Q9Y5J1,S205,1.298445556
Q07065,S17,2.241937226
Q96ST2,S329,1.906671148
Q13523,S294,1.65976993
Q6PCB5,S536,1.384775085
Q9UQ84,S639,1.785031184
Q9BZ95,S590,1.171411955
Q96JM3,S507,1.512619919
Q9Y5B9,S982,2.648532549
Q8TEW0,S728,1.084937429
Q9NZJ0,S485,2.877837426
P19338,S206,2.42039551
Q8IZW8,S350,2.82026989
Q13330,S576,1.196822014
Q9Y2W2,S364,2.396808784
Q9C0B5,S274,2.118091782
P00558,S203,1.265027589
Q08999,S1080,1.709649597
Q03111,S292,1.735073719
P28749,T340,2.58355781
O43823,S328,1.375178941
Q9BPX3,S674,2.22927815
Q8N3F8,S740,1.014095583
Q8IVF2,S1583,1.826223156
P50991,S381,1.165030143
P49454,T144,1.418275954
Q14126,T922,1.232292924
Q9NV56,S191,1.018834688
Q9UIG0,S349,2.984309372
O94782,S475,1.910358706
Q9UHQ1,S29,1.187116125
Q6P6C2,S64,1.102410988
Q8N5F7,S80,1.167186991
Q12888,S315,1.295384546
Q00536,S65,1.203635343
Q5THJ4,S1765,1.134725082
Q8N1F7,S52,1.194595735
P46013,T1923,1.614378381
Q14789,S560,1.911784645
Q14498,S117,1.073010003
Q13595,T24,1.251095872
Q9H0E9,T175,1.257862673
O75038,S931,2.061016975
Q7Z5N4,S2115,1.059020466
Q6ZRV2,S691,1.544366641
P51003,S24,1.081213907
Q8N5F7,S178,1.034899354
Q9Y6M7,S84,1.760037608
Q13547,S421,2.010055437
Q9H2G2,S518,1.585327064
Q13428,S419,1.269217775
Q9ULL1,T901,1.31225291
O00515,S123,1.549390538
P11388,S1213,1.451591827
Q4LE39,S471,1.547455876
P10451,S195,1.414910636
P46821,S1785,1.167793028
P14625,S306,1.641442116
Q86X27,T361,1.502205698
Q9Y3S1,S1777,2.289748258
P55010,S390,2.199591102
P18850,T166,1.946509492
O60318,S538,1.954265181
P15924,Y28,1.188070628
Q15154,S119,1.041425885
Q6P1L5,S192,1.233820742
Q7RTP6,S649,1.515696837
O14896,S47,1.653162006
P11166,S465,1.157701791
O15440,S14,1.292312226
Q6P3W7,T708,1.508089964
Q6P1L5,S307,1.284327004
O96019,S233,1.216148447
P31629,S565,1.175487281
Q6ZTQ3,S179,1.025059565
Q9BZH6,S402,1.13569127
O60927,S77,1.15471339
Q13835,Y71,1.764084294
Q86VM9,S59,1.117843047
Q9UKA4,S444,1.245979227
Q5JSZ5,S1453,1.111687361
Q8IYW5,S481,1.214278515
P10412,T18,2.090980653
Q14739,S516,1.469469804
Q9H4A6,S42,1.028068766
Q8NEF9,S264,1.397827725
Q9H9J4,S1007,1.30810793
Q5MIZ7,S768,1.141528501
Q9H2Y7,T443,2.323053485
Q8ND56,S183,1.114065134
Q6P1L5,S194,1.085205766
Q6UB98,S429,1.077623639
Q9GZR2,S15,2.320082142
Q9P258,S51,1.839529739
Q9BXS9,S752,1.050544709
Q9HC35,S200,1.761482056
Q9UQ35,S2046,1.613061423
P08779,S451,2.027095076
Q5C9Z4,T287,1.831567251
O00515,S121,1.324396721
O75717,S383,2.314790016
Q07960,S50,2.493587302
Q8IWA5,T14,1.049852255
Q12800,S353,1.614287748
P09086,S55,1.241821812
Q9H9L4,S168,1.100182947
Q14134,S489,2.339424321
Q9ULI0,S1347,1.210131529
Q96ST2,S363,1.380660463
Q9Y3S1,S1862,1.207897619
Q53GL7,S143,1.066656855
O75962,S2429,1.011747334
Q9C0K0,S678,1.819569538
O43719,S485,1.054322861
Q15758,S503,2.118931361
P06748,S70,1.774831294
Q8N5F7,S9,1.003922043
Q14966,S1401,1.694195498
Q9BRD0,S235,2.028568348
Q6P2E9,T693,1.770423746
P12956,T455,2.319766027
Q5PRF9,T606,1.141675448
Q9Y4B5,S306,1.731274367
Q13428,T1358,1.340997177
Q14493,S182,1.111724063
P10109,S177,2.178658173
O75179,S1940,1.793669868
P11388,S1525,1.598588422
Q8N8S7,S531,1.933922961
Q9Y6B7,S593,1.050414602
O94880,S530,1.559781104
P16144,S1483,2.668429754
P55036,S266,1.361515484
P17096,T53,1.811167858
Q96T58,S736,1.072584962
Q9H1E3,S75,1.399129006
Q76FK4,T302,1.167334087
Q9GZR2,S111,2.629799132
Q96T58,S1268,1.435620968
Q13427,S745,1.041721823
Q06945,S354,1.813284554
Q15149,S1435,1.164888657
Q9UHI6,S560,1.725233301
P35321,T11,1.096948889
Q99767,S480,1.827965571
P07910,S238,1.022780576
O94782,S327,2.671137507
Q86X02,S318,1.408701684
Q14126,S726,1.50002028
P13639,T435,2.148194525
Q5VZK9,S122,1.474555879
Q6VY07,S411,1.111221131
Q8IVF2,S923,1.504864624
Q9P219,S1023,1.093879712
Q13206,S809,2.400416472
P46100,S784,1.282690385
Q13895,S98,1.008017386
Q04695,S13,2.374571534
Q9H501,S298,1.079576538
P15924,S2598,3.197279361
Q02241,S902,1.990283891
P40939,S756,1.519157838
Q9NWC5,S257,2.949319074
Q5FWF5,S523,1.112472756
Q8WXF0,S219,2.106415013
P49454,S3023,3.154513033
P23246,T226,1.074307429
Q29RF7,T1208,1.333692622
Q13835,S229,2.474734781
P61081,S28,2.553187346
P49321,T123,1.000445638
Q9Y3X0,T95,1.045908918
P29590,S40,1.337346613
Q9NRG4,S283,1.122139994
Q6P2H3,S141,1.258882918
P13646,S147,2.504550191
Q6PL18,S327,2.069592243
Q08945,S667,1.549850735
Q14134,S85,2.122805433
Q9NVP2,S198,1.47174389
Q6KC79,T599,1.465936441
P67809,S165,1.474574377
Q13501,S272,1.275510688
Q6P0N0,S541,1.705701912
O15169,S493,1.371850201
Q5T6F2,T657,1.378424533
Q8IWB9,S178,1.23105625
Q14160,T607,1.122796868
Q9H773,S85,1.053584281
Q9Y446,S196,1.193077227
Q7Z417,T87,3.526711829
Q5H9R7,S853,1.03044563
P56192,S825,1.271434771
O00567,S467,1.15597419
Q69YH5,S977,2.338332871
Q9C075,S65,1.677742235
P31948,S481,1.742249127
Q96JQ2,S907,1.019682038
Q9BQG0,S1290,1.436433063
Q08J23,S456,1.275939205
Q15758,S535,1.609138937
O75362,S411,1.000402512
Q9UGU0,S1792,1.161551761
Q99638,S328,1.095002384
O75038,S1168,1.312255886
Q9BW71,S143,2.039370307
O43719,S494,1.115144541
Q9UFC0,S259,1.066271885
Q13191,S634,1.167166548
Q14126,S703,3.524267771
Q6P0N0,T653,2.615606979
Q702N8,S205,1.090692483
O75449,S109,2.239396786
Q9Y618,S554,1.417231384
Q14134,S67,2.233267253
O43719,S498,1.203572003
Q9H079,S61,1.160811228
Q6QNY0,S65,1.07509398
Q04695,S44,1.295321009
Q9UBC2,S49,1.055385263
O75976,S1355,2.756361951
Q8IZH2,S1653,2.285784531
Q9Y4K1,S132,1.838167432
Q9Y4F5,S711,1.00501013
Q9P2D3,S1737,1.335261539
Q9BZH6,S209,1.301609997
Q13620,T49,1.537280116
Q9UK58,S445,1.046457402
Q9P2I0,S419,1.040437927
Q6ZRV2,S892,1.750709457
Q9H6Z4,S101,1.080380866
O00515,S356,1.857254661
Q86X95,S394,2.700426859
O75717,S1041,1.272128699
Q15223,Y418,1.7570646
Q03701,S629,1.677458432
P46013,S827,1.713444463
P55081,S53,1.90533271
P11274,S473,1.169401986
Q9UIG0,S705,1.939263514
A1L390,S488,2.440131318
Q9Y6M7,S242,2.063356751
P06400,S249,1.444968098
Q5THJ4,S2671,1.487799252
P11388,S1377,2.917029926
P19878,S332,1.331655171
P49736,S41,1.30034468
Q14134,S21,3.229753647
Q13835,S69,1.010603104
Q8WVV4,S413,1.647949527
Q96HE7,S121,1.172409835
Q8NFH5,S279,2.173444334
P62995,S18,1.280517684
Q9HDC5,S590,2.488933487
Q9H0G5,S248,1.0633907
P00492,S110,2.381379592
Q96SB4,S311,1.680825014
Q14676,S882,2.372002437
Q9BXK5,S420,1.325015174
Q12996,S691,1.054681426
Q6ZRV2,S1068,1.764430459
O43353,S319,1.023983959
Q96DY7,S639,2.576285565
Q86WB0,S321,1.040972805
Q13501,S152,1.527727413
O75038,S595,1.748167474
P49736,S381,3.317939364
P78347,S988,1.189719462
Q96T37,S259,1.097505467
P04792,S86,1.317302105
P46821,S1620,1.149489812
O60353,S641,1.503626066
Q9NY27,T173,1.279809739
P20290,S201,1.020274522
Q96CJ1,S144,1.069185831
O15173,S104,2.370744912
P15924,S1078,3.024904927
Q9H0E9,S621,1.620067245
Q9BTC0,S154,1.065502517
Q13416,T226,3.218898628
Q9H8U3,S129,2.108995513
Q9UKD2,S80,1.195149715
Q9NQS7,S263,2.688260931
P46013,S1983,1.237711063
Q9BTX1,S489,1.424132624
P18583,S2013,1.417007198
Q9BVC5,T198,2.368829374
P52701,S227,1.838317589
P13647,S75,2.398674343
P11388,S1247,2.93060153
Q9UMZ2,S789,1.500360983
Q9Y5N6,T195,1.971832015
Q13523,S142,1.196285253
P04259,S546,2.140071435
Q6FI81,Y290,1.57111167
Q14694,S547,1.687157148
O00203,S609,1.341141947
P17844,S520,1.34182483
Q8WVC0,S229,1.078589595
P16383,T97,1.412253804
Q9UKA2,S239,1.269750204
Q9H8Y8,T204,1.556681512
Q8N3F8,S273,1.06281796
Q8WYP3,S783,1.302672282
Q5HYJ3,T215,2.507326891
Q9H0D6,S501,1.378684266
Q9P2D1,S2961,1.423881358
P38432,T303,2.762288961
Q9Y6D6,S52,1.110855282
Q5TH69,S2081,1.402297453
Q9BVS4,S380,1.11620443
O60673,S1030,1.233036664
P29966,S27,1.476389682
Q32MQ0,S411,1.237496468
Q9UJX6,S218,1.596911513
Q5TCZ1,S818,1.01921804
Q9BYG3,T223,2.237836064
Q96Q89,S1658,1.345520323
Q13330,S522,1.168161029
Q14157,S470,1.08722423
O75717,S868,2.337095749
Q9ULH0,S1555,1.108716248
Q9P206,S514,1.09687838
P49454,T154,1.464730783
Q9C0K0,S398,1.196919445
Q9UPY5,S26,1.702945282
Q9P2I0,S423,1.049164818
Q96SK2,S98,1.724249142
P46821,S1376,1.024814212
Q9BRA0,S24,1.439724041
Q8NFF5,S106,1.033339553
Q9NRA8,S138,1.047745572
Q9H1E3,S181,2.358256802
Q8WWQ0,S1783,1.082351606
Q96F86,T173,1.624723812
P06400,S807,1.791230227
Q9Y3R5,S1021,2.26834347
P51532,S1452,1.177849381
Q9H501,S198,1.109221446
Q9UQ35,T1844,1.322515952
O43823,S339,1.029094163
P04792,S199,1.439767231
Q13547,S423,1.814453333
Q96D71,S307,1.210379969
Q8N201,S1327,1.007715436
A1L390,S647,1.432473757
Q9H7N4,T976,1.369776126
O43583,S73,1.30925648
Q9Y5B9,S979,1.388719684
Q02040,S633,1.436745017
Q13835,Y187,2.464869711
Q7Z4S6,S524,1.504957713
Q13283,S250,1.587102067
Q15643,S1859,1.674301563
Q9UQ35,S1552,1.173156271
Q8NEY1,S490,1.559505186
Q8WUY9,S160,1.172154253
Q86VM9,S746,1.077781488
Q13428,S381,1.513568908
Q14126,S723,2.838394283
Q9HCM7,S844,1.095869682
Q8WUF5,S84,1.244787633
Q14527,S398,2.001753066
P19532,S334,1.030292779
Q9HCD5,S29,1.526837084
Q9NRL2,S1413,1.031729922
Q69YH5,S726,2.520673479
Q96T23,S778,1.740176061
P62917,S14,1.323216843
P52701,S309,1.647832258
Q9H1E3,S144,1.409606075
Q2QGD7,T172,1.572544556
O95793,S278,1.747833887
Q92754,S434,1.563576106
Q96MU7,T148,2.177322878
Q15061,T656,1.77085252
Q9P2X3,S297,1.226635549
Q9UPP1,S804,1.411817355
Q562E7,S1142,1.348945477
O15164,S209,1.106298485
O75976,T1370,1.188225744
O14974,S365,2.258767938
P98175,S736,1.052679947
Q9NYV4,S334,1.835287846
Q16659,S665,1.57020609
P46013,S1131,1.680495275
Q03188,S713,1.61468605
P48634,T1347,1.385742529
Q9NXE4,S792,1.36498505
Q9UQE7,S1065,1.47780315
O43663,T481,2.676453905
O94761,S251,2.380924094
O00566,S139,1.592578196
Q99929,S142,1.497712779
Q9HB96,S249,1.884889218
Q9P275,S612,1.058771582
Q7KZ85,S75,1.718544361
O94880,S290,1.438828111
P49736,S170,2.015114433
O43719,S403,1.2453436
Q13835,Y214,1.61028156
P06744,T109,1.309079545
Q9P2K8,S770,1.03979942
P46013,T1315,2.703774726
Q71F23,S141,1.449903864
Q8WWQ0,S1457,2.034659708
O95210,S175,1.557607721
Q9P2E9,S533,1.114612777
P49790,T588,1.64264031
Q92576,S125,1.006543482
O60841,S113,1.31426344
Q92797,S1259,1.343007854
P46087,S732,2.514690103
Q9H7N4,S734,1.34153851
P21796,S104,1.086801754
Q9UHB6,S374,1.137854009
Q13371,S20,1.256424502
Q9Y679,S385,1.720994237
P46013,S2528,3.557042063
Q7Z6E9,S730,1.267000069
P46013,T1167,2.902453395
P28749,T369,1.10591791
Q5VV41,S230,2.050212901
Q53ET0,S613,1.105024697
Q02487,S873,1.967965851
P11388,S1106,2.276466761
Q14865,S787,1.317529238
Q6UXY1,S477,1.069120933
P67809,S174,1.223193331
P48634,S350,1.041748458
Q12888,S1028,1.07187721
O75376,S172,1.456694916
P11387,S394,1.12132095
P13647,Y60,1.429756004
O75494,S160,1.972926715
Q9Y5B9,S658,1.289370701
Q9NUW8,S61,1.85449343
Q99856,T98,1.23437016
Q9BY89,S404,1.128170467
P46531,S1801,1.218569355
Q8N9T8,S95,1.343848271
O43741,S158,1.88974657
Q9UPU7,S338,1.298950134
Q13428,S906,1.868728582
O15427,S436,1.631501434
P42166,S424,1.041355559
O94808,T227,1.47196718
Q9HAW4,S810,1.688186677
Q9UKV3,S714,1.662698428
Q8TB72,S700,1.084387296
Q9H6F5,S128,1.039900994
O76021,T464,2.473277468
Q9ULX3,S201,1.056324169
Q05519,S370,1.67218438
P30050,S38,2.75851746
P15822,S130,2.017388341
Q5VZK9,T1228,2.587972651
P15822,S1884,1.020167014
P52630,S595,1.90685774
Q16656,S136,1.727897782
Q15054,T411,1.280148675
Q14126,T650,1.804520452
Q14680,S529,2.749415963
Q9UNS1,S1173,1.843081706
Q8NC56,S497,1.694426648
Q07092,S260,1.087612491
Q96FF9,S33,2.591393082
Q9BQ39,S82,1.879063704
Q9UQ35,S2706,1.012041197
Q8N5Y2,S144,1.009226492
Q702N8,S208,1.120019045
Q9NZJ0,S478,3.32140731
Q9NUE0,S61,1.122631346
Q9UPT6,S365,1.331023424
Q96T58,S770,1.194508762
Q86YC2,S781,1.772874897
Q9UQ35,S2694,1.578915994
Q9Y2X3,T34,2.492771474
P31277,S223,3.822267557
Q9UGP8,S597,2.675862581
Q1W6H9,S121,1.66932162
O60716,T906,1.467394463
Q9NVM9,S678,1.219476658
Q8WVC0,S254,1.847132985
Q96HC4,S593,1.154022534
Q9NXE4,S169,1.295117965
P23588,S93,1.332163521
P16989,S204,1.053462552
Q9UQ35,S954,1.346602208
Q9BQE3,S439,1.613653713
Q16890,S86,1.470227286
Q86X27,S296,1.2124195
O75038,S487,1.776647735
P08779,S44,1.883349515
Q9H4L5,S410,1.274910064
Q8N3C0,S2195,2.215038616
Q9H0B6,S582,1.164368397
P19338,T76,2.669505623
P16144,S1547,1.637472132
Q5VYS8,T1414,2.380573505
Q8ND82,S285,1.341493391
Q9H4G0,S678,1.337965625
Q15398,S618,3.2403335
Q9NXL9,S915,1.068885042
O95239,S815,2.915338616
O43683,S596,1.566971657
O00264,T74,1.105105834
Q5T0W9,S869,2.857708244
Q9Y2W1,S891,1.374159079
Q04726,S245,1.130643417
P46020,S758,2.335942325
P27816,S696,1.540026062
P25440,S633,1.107965119
Q9ULW0,S654,1.699313775
Q8NFC6,S2905,1.598908993
Q9Y5Z4,S181,1.541761146
Q9Y2D8,S542,1.237771438
P15924,S53,2.083921109
Q9NQS7,S275,2.054046217
Q5T0W9,S427,2.579440998
O00425,T528,2.310492678
P23193,S135,1.1409582
P53985,S483,1.543560376
P15408,S230,1.956291907
Q01130,S191,1.574009441
P53350,T210,1.913510591
P46777,S185,1.037242201
Q9H9J4,S1247,1.060078251
Q8N8A6,S83,1.251735023
Q8ND82,T185,3.082987386
O14647,S1373,1.025511688
Q8IW93,S336,1.187356987
Q03252,S424,1.834812477
Q8NC51,S197,1.040758317
O95155,S803,2.147846
Q13428,S156,2.313747331
Q14694,S365,1.013154
O43776,S88,1.4860005
Q9UNE7,S19,1.158304077
P06748,Y67,1.573804969
O75385,S556,1.268805065
Q9NWZ5,S56,1.035351777
Q7L014,S928,1.975052328
Q9H1E3,S39,1.39761533
Q12789,S1068,1.229105978
Q9Y446,S314,1.316496509
Q7Z6E9,T1066,1.031563935
Q9NYL2,T628,1.435399078
Q99543,S60,1.139147829
P11171,S188,1.518584579
Q15393,T1200,1.033859031
Q9UQ35,S1444,1.342367042
Q99590,S613,1.926435279
Q8IYD8,S34,2.27562432
O95251,T88,1.839422994
Q14690,S1498,1.540153659
Q99959,S132,2.9719335
P46100,S598,1.164049015
Q9UQ35,S1582,1.159686367
Q13428,S273,1.56354497
O94913,S511,1.515812749
P24864,S103,1.899506852
Q9NZ63,S17,1.007162852
Q9UBZ9,S1097,1.495429776
P46013,S1937,1.550676038
Q96EA4,S555,1.444109848
Q92609,S544,1.182170813
Q86Y91,S682,2.277866811
O75145,S207,1.119896305
Q9UHI6,T705,1.019512195
O75962,S2417,1.902864321
Q5FBB7,S256,1.673574342
Q7L9B9,S16,1.69344687
P08727,S48,1.918370028
Q15063,T772,2.498007666
Q86TB9,S387,1.079465987
Q6NUQ4,T97,2.269981721
Q9ULI0,S1338,1.822326344
Q6NW34,S265,1.016392652
Q9Y446,S115,1.015567761
O75038,S491,1.776647735
P50502,S79,1.271652551
Q49A26,S167,1.693906748
Q8TCG2,S45,1.058703482
P49454,S821,2.863739833
P51531,S1572,2.038044319
O76021,S92,1.458787152
P49450,S17,1.160447666
Q9UBC3,S100,1.700974239
Q76FK4,S1099,1.203090466
P06400,T826,2.190335885
Q16649,S286,1.125117
P49321,S428,1.367939445
P09884,T219,1.43110103
Q8WXX7,S941,1.391492342
Q14126,S701,3.340420449
Q6KC79,S2672,1.090146519
Q96AD5,S428,1.720964659
O43719,S561,2.006957161
Q9ULL5,S917,1.073734656
P55265,S614,1.035967112
Q9Y6A5,S71,2.586962065
O43159,S106,1.117578909
Q03188,S710,1.165864636
Q96S55,S65,1.126647774
P26358,S143,1.111470832
Q8TCG1,T585,2.00216733
Q8WXE1,S224,1.044411684
O60841,S66,1.704002321
P46821,S1779,1.392681878
Q9ULM3,S627,1.402317257
A1L020,S462,1.083885342
Q9P275,S742,1.026056494
Q14126,S680,2.242097492
Q9UNF1,S247,2.312163421
Q96ST2,S440,2.380757121
Q8WVV4,S123,2.010363914
Q96G74,S165,1.494989263
Q16659,S684,1.034912188
Q460N5,S33,1.931169304
Q2NKX8,S971,2.493089778
Q7L4I2,S30,1.039177003
Q5TCZ1,S420,1.786554364
Q07864,S1940,1.23672593
Q15388,S138,1.090441154
P17096,S49,1.160610822
Q6PD62,S1059,2.011351124
Q14134,S104,2.672667469
Q5TCZ1,S406,1.379069277
P46087,T195,1.900222913
O95239,T1181,1.493566902
Q96NE9,T523,1.624062699
Q9BU76,S217,1.44902121
Q6ZRV2,S974,1.350379034
P46013,S2466,2.021827344
Q86U86,S1119,1.118507899
P46087,T185,1.49591869
Q9NQS7,S306,1.716422753
Q9Y4K1,S75,1.912955056
Q5VV67,S1413,1.912677627
P78316,S96,1.604538063
Q14126,S700,4.156131353
P15924,S22,2.252927473
P49454,S3079,2.60493506
Q92890,S247,2.131294163
Q9Y448,S171,2.654902349
Q9Y666,S997,1.015552222
Q8IWI9,S607,1.635008017
P51532,S660,1.590665205
Q5BKZ1,S478,1.725367714
Q9NQ29,S363,1.08764333
Q9H4L5,S251,1.060953699
P46109,S185,1.15266213
Q9Y3T9,S49,1.439696964
Q9P258,S50,1.512319379
Q9UPT6,S585,1.071750343
Q9UK58,S352,1.098684438
Q8WVC0,S197,1.573480098
Q96RY5,S779,2.004597931
Q70CQ2,S487,1.246520274
P61978,S216,3.583672719
Q99959,S197,1.939511309
Q6PD62,S941,2.135548602
Q8NFC6,S1531,1.01940801
Q8IZT6,S367,2.590424544
Q8NHM5,S979,2.018029339
O60841,T301,1.176650266
P46821,S2072,1.050691997
Q00536,S155,2.426891736
P78344,S17,2.667580783
P49321,S497,1.791859848
O43237,S194,1.180229895
P15924,S227,1.741053613
Q8TDB6,S551,1.545342408
Q9BPX3,T931,1.803434385
Q9UKJ3,S908,1.013659143
A2AJT9,S402,1.086733148
O75909,S340,1.141673484
P15924,S2551,2.533822321
O43719,S607,2.430111882
A1L390,S1028,1.028102627
Q9H4L7,S67,1.515393328
Q92597,T366,1.630741312
P46821,S614,2.950949603
Q6FI81,S183,1.670488621
Q9Y446,S180,1.509296739
Q9BRD0,S364,1.487751639
Q99959,S878,1.978086094
Q96T23,S397,2.204463523
O95757,T545,1.43034219
Q8TBF4,S216,1.947387421
Q13835,S65,1.638885752
Q13835,S191,3.119662904
Q9Y6A5,T228,1.528432462
Q9Y4F5,S518,1.610528952
Q9H501,S153,3.101265924
P08727,S239,1.291460897
O15014,S842,1.259871006
Q99767,T306,1.153385291
O00515,S177,3.174435863
O95696,S128,1.07427083
Q14680,S356,2.489508105
Q9NS91,S471,1.104340096
Q53EZ4,S428,1.736713886
P28749,S650,2.448115222
Q92685,S11,1.118138261
Q14686,S1343,1.016526068
Q9UQ35,S1483,1.069234219
Q12872,S870,2.528588684
Q1HG44,S296,1.690453437
Q9H3N1,S228,1.192246561
P23588,S309,1.580414021
Q9BW71,S142,1.045791238
Q02224,S2654,1.01158944
P31947,S248,1.087887258
Q99442,T155,1.410794808
P13647,S50,2.201203762
Q6PD62,S1085,1.031020105
Q16236,S433,1.249441329
P42694,S1584,1.388927453
O95696,S25,1.267873732
Q9Y5B0,S869,1.095954985
P49790,S687,1.761755814
Q8IWI9,S534,1.144672454
Q9NR30,S121,1.887210496
Q9H4L7,S57,1.498719882
Q14134,S166,3.693196275
P51003,S545,1.369291433
Q09666,S3411,1.092063443
P15924,S2024,3.012319607
Q8NEY1,S754,1.006881668
Q9H8Y5,S361,1.246795207
Q9BW71,S359,1.477358398
Q13257,S195,2.193347207
Q15424,S507,1.006944621
Q9Y2W1,T874,2.620159673
P18583,T2022,1.212405095
O14841,T151,2.487191352
P06744,S455,1.658689782
Q14134,S98,1.913533971
Q8TEK3,S775,1.747599813
P46821,S582,1.446973852
P51532,S1631,2.489201192
P23193,S97,1.306206823
P13646,S421,1.148867488
Q8IYB3,S209,1.867701248
P06744,S107,1.55268411
Q2NKX8,S1069,1.752987388
Q13435,S861,1.350683863
Q9BRL6,S158,1.550502745
Q7Z4V5,S397,1.656206585
Q15424,S375,1.352219649
Q6KC79,T2663,1.005727974
Q6ZRV2,S1147,1.390342068
P42768,S483,1.292980919
P43307,S247,1.335011491
Q15233,T15,2.455611674
Q8TBB5,S418,1.188320709
Q13835,S185,3.078499556
Q9C0B5,S543,1.008287103
Q96QE3,S1222,1.529158165
Q13206,T577,1.002327622
Q09666,S5604,1.029232542
P29375,S1345,1.060006556
Q9Y2X7,S388,1.071038323
Q9Y4B5,S1514,1.3078968
P49736,S139,2.048168756
Q9NUW8,S81,1.645896826
Q9BVS4,S332,1.267577214
Q8IZT6,S425,1.631988153
Q494U1,S559,1.525989476
Q9HC35,T201,1.761482056
P04843,S542,1.664973111
Q14789,S2872,1.310096893
Q9Y4K1,S22,1.392041289
Q92890,S231,1.13338882
Q8NG31,S60,2.403651448
Q5SSJ5,S156,1.655473303
Q9NYV4,S345,1.018922333
Q96ST2,S313,1.511952967
Q5T5P2,T1760,1.639947372
Q15223,S508,1.545544962
Q04695,S32,2.369270922
Q8N1G0,S1106,1.066245845
Q96EV2,S1045,1.214975397
Q9H1I8,S706,1.311422579
P22087,S124,1.250194011
P51948,T51,2.130194574
Q8WVC0,S238,2.253092515
P17096,S44,1.543568543
Q5TCZ1,S724,1.033193835
P35548,S91,1.084646702
Q9BVI0,S159,1.140741515
P40818,S153,1.339073412
Q13769,S314,1.352160745
O43663,S571,1.800753912
Q01954,S338,2.500780705
Q9NRG9,S495,1.196821342
P42166,S351,1.227351394
Q7Z4V5,T205,1.606291432
P16383,S217,1.4522224
Q9BVI0,S488,1.422580895
P28749,S1041,1.531003185
P29375,T1415,1.336998777
P35658,T670,1.45467821
Q53HL2,S219,2.704142284
Q9NNX1,S378,2.102183894
P46100,S1076,1.294518282
P08727,T323,1.989885948
P12956,S520,1.039539514
Q70CQ4,S1111,1.491337308
P52732,T926,2.319831371
Q8NI77,S674,1.838022222
P78344,S443,1.221352407
Q9H2G2,S348,1.015819124
Q9NWH9,S170,1.530060769
P46013,T2268,2.383558694
Q99439,S138,1.091929081
Q9UQ35,T367,1.277127582
Q9NQZ2,S365,1.51903057
Q13371,S19,1.137344617
Q96L73,S822,1.0916051
Q13151,S88,1.900639363
O15021,S1283,1.236295216
Q9NRR4,S300,1.280046525
Q9NR30,S71,1.795755052
Q6PD62,S943,1.040694936
Q15056,S230,1.064708497
Q53GS9,S97,1.015307239
O15042,S800,1.084065455
Q9HDC5,T461,1.000007428
Q9NYT0,S120,1.668040085
Q9UQ35,S297,1.417451869
Q5T0W9,S466,1.739770792
Q9BRD0,S372,1.258312325
Q08945,S672,1.849792375
Q6ZV89,S231,1.45659416
Q8IZ40,S63,1.662439582
Q92769,S422,1.566931131
P82094,S199,1.190546065
P13647,Y66,2.980868215
P23497,S410,1.391532362
P22528,T11,1.038073596
P15822,S65,1.219341615
Q9NQW6,S225,1.686171515
Q86XL3,S914,1.010629854
O15488,S468,1.077146629
Q9BW71,S196,1.471445039
Q16659,S189,2.11387838
P35658,S940,2.80230018
P13611,S2941,1.936027923
Q8NC74,S145,1.39393361
Q12888,S1705,1.564095523
Q9NW64,S142,1.362069299
O96020,S21,2.036119616
P06748,S254,2.335070121
P30414,S463,1.28779191
O60841,S137,2.601576279
O14967,S581,1.206835798
P46821,T2305,2.115437751
Q86YN6,S263,1.122145458
Q9UJZ1,T327,1.045955656
P19338,S153,2.49401411
P16144,T1797,1.15577247
Q9C0B5,S380,1.001551876
Q92598,S809,1.419795742
Q9NWC5,S271,2.084295845
Q9Y4K1,S918,1.251346779
Q9H7N4,S725,1.627151424
Q9Y2W2,S361,1.513063259
P32249,S330,1.274122491
P30419,S73,1.227141382
Q9BZD4,S247,3.003814071
O95832,T195,1.633000704
Q9UQ35,S510,1.213452526
Q15223,S511,1.853589508
P49790,S174,1.348447557
Q96PV6,S351,1.134483636
Q8WY22,S248,3.277716261
Q5JTD0,S531,1.182534618
Q8N350,S299,1.422591225
Q76FK4,S298,1.329862214
P19338,T84,2.683735257
O95400,S195,1.308306306
P42768,S484,1.311917288
Q9ULL5,S1568,1.003078574
Q9UHB6,S362,1.229848815
Q9UMN6,S1917,1.294333566
P27694,S384,1.710331843
Q9H211,T29,1.523845723
Q96T58,S2120,1.041675424
Q8NEY1,S797,2.091158735
P16144,S1696,2.721997691
Q9H6L5,S281,1.126613356
P33527,S930,1.400868185
Q5VUA4,S2101,1.09541801
Q9UBW7,T1376,1.036694211
Q76FK4,S660,1.701258159
P46100,S1322,1.374367179
Q96EU6,S73,2.433679923
Q04695,S24,2.887951745
Q92667,S592,1.247276432
Q15773,S238,1.461935099
Q9BQG0,S1308,1.900505929
P14618,T129,2.387204539
Q70CQ2,T3350,2.495498414
P46100,S1352,2.067636967
Q9P2E9,S1276,1.162207667
Q6ZRV2,S377,1.439247199
Q5SW79,T632,1.161976756
Q9UJ83,S4,1.168676908
P06748,T199,3.375198951
Q9NXR1,S282,1.661181361
Q5VWN6,S384,1.031645602
Q9NUY8,S520,1.359236451
Q9Y478,S96,1.549386734
Q9BZX2,S254,1.300338076
Q3KQU3,S86,1.080959161
Q9UKL3,S567,2.522240318
O95817,T406,1.417559783
Q13242,S204,1.04959476
Q9UQ35,S1621,1.183137783
Q5VVJ2,S110,1.215473683
Q8N5C1,S238,1.3008293
Q96SB4,S51,1.71170078
Q01167,S170,1.413566104
Q15648,S1192,1.031045513
Q7Z417,S608,1.703906474
Q5T5P2,T1109,1.05929721
P08779,S468,1.284805341
Q5SW79,S1079,1.046197135
Q96BT3,S47,1.092028414
O94913,S372,1.073512534
Q86WB0,S411,1.611406781
Q13330,T564,2.420507824
P14923,S24,2.240981495
P46821,S1915,1.310673182
Q8WXF0,T169,1.817676316
Q9HBD1,T984,1.327622883
Q5T0W9,S739,2.308906818
P38432,T456,1.914257756
Q96T58,S1380,1.049080237
Q13111,S65,2.012813309
O15014,S846,1.002770435
Q76FK4,S304,1.045795459
Q14789,S2735,1.46244282
Q9ULX3,S184,1.037834958
Q8NEJ9,S143,1.613198354
Q9BTT6,T480,1.587099145
Q9ULH0,S1633,1.226417066
Q9P246,S346,2.199899172
Q9Y5B9,S650,1.034518154
P35269,S308,2.175544091
P13647,S16,1.65504272
Q6ZRV2,S881,2.005921304
Q9P2E9,T225,1.484922848
Q12874,S365,1.727852883
P46100,S1324,1.374367179
P16144,S1069,1.792642037
Q6ZRV2,S870,1.670606124
Q6P597,S502,1.022130318
O95544,S55,1.189504624
P11172,S214,1.014284923
Q13435,S347,1.067640262
Q13098,S468,1.005306636
Q5VWN6,S2009,1.149284064
P04406,S25,1.920201525
Q9P270,S147,1.167202236
Q99640,S143,2.653583173
Q9Y2I1,S1200,1.115407019
Q9H7N4,T989,1.1459439
P49321,S191,1.314851968
Q15390,S119,1.391736643
Q96T23,S874,1.576566703
Q9NZJ5,T557,1.286222789
P53999,S12,2.234777504
Q02790,S453,1.009587065
P46013,T1801,2.15134146
P78559,S2019,1.038153277
P46100,S978,1.421100608
Q6PL18,S88,2.379116844
P04406,S148,1.228755013
Q9NZI5,T208,2.153285405
Q9NRF9,S122,1.943670709
P48634,S342,1.668841873
Q96ST2,S157,1.318057525
Q9H8Y5,S398,1.149388448
O43818,S50,1.06751101
Q9NVI1,S407,1.525798334
Q9Y294,S166,1.091788091
Q14684,S350,1.518419633
Q99959,S155,1.181735688
Q92545,S1345,1.223611697
Q7Z404,S109,1.377590309
P06400,T356,3.082556766
P05455,S92,1.799253043
Q8IYB3,T727,1.086879188
P13647,S82,2.938889948
P43490,S472,1.680290671
Q7Z2Z1,S1045,2.483078759
Q96ST2,S263,1.119548656
Q5THK1,S1029,1.147842853
O95235,S532,2.881653212
Q9BXY0,S199,1.35444192
P10244,T266,2.584612181
P41252,S1047,1.421562528
O75626,S272,1.824996099
Q8IX12,T861,1.285464474
Q8IWI9,S3059,1.470544127
Q8N5K1,T106,1.601583296
P13051,T60,1.43030379
Q9UQ35,S1198,2.080550051
Q15075,S52,1.313865045
Q9NR09,S462,1.310770341
Q9Y3T9,S56,1.9492948
Q86WB0,S24,1.815159903
Q6KC79,T724,1.033128407
Q99856,S119,1.076161567
O60934,S432,1.10348647
Q13835,Y104,2.246842309
O15164,S1019,1.028937425
P49321,S480,1.716157722
O75717,S407,1.503702614
Q8IVF2,S3408,1.80433355
Q08211,S1171,1.247605692
Q12874,S367,1.557099472
P15924,S246,2.524547124
P32926,S785,1.657229856
Q9UFC0,S212,1.745397067
P28749,T332,1.652366208
Q9Y385,S184,1.067815727
O43291,S237,2.527683925
P15924,S1127,2.249402234
P20749,S374,1.144851138
P13639,T59,1.564603693
Q8N163,S681,1.074993217
Q7Z2W4,S387,1.122960353
P46013,T2426,3.174330229
P08648,S127,1.129836548
P32926,S985,1.339869858
P15924,S2825,1.721366575
P13647,S28,1.334392778
Q13206,S804,1.826670305
P46100,S1527,1.029492681
Q16629,S194,1.183871904
P13647,S36,2.030395522
Q7Z5J4,S1135,1.192363005
Q8IZL8,T1082,1.441204085
P54278,S445,1.282918583
P67809,S209,1.104761659
Q9UNF1,S191,1.022253378
Q6PL18,S41,1.514300736
Q9BRS2,S24,1.013495628
Q9BQG0,S1267,1.387255775
Q9UNH7,S55,1.126602317
Q7Z6E9,S772,1.644050918
Q02241,S160,1.611822056
Q53EZ4,S215,1.416282149
P46013,T1091,1.988438636
Q15047,S1066,2.761154301
Q9P0L2,T613,1.046420569
Q14157,S609,1.487853188
O00418,S243,1.322374258
P49006,S22,2.267148283
Q99590,S882,1.359486071
Q02241,S814,2.189173015
Q7Z4V5,S240,1.030151201
P52272,S432,1.39297601
Q14134,S28,2.605598011
P46100,S849,1.394619728
Q14126,S712,1.713979003
Q8N9B5,S130,1.025949953
P49454,T1541,2.528690456
O00515,S423,2.311140432
A1L390,S827,1.090978698
P49792,S3207,2.471931924
Q9HB90,S382,1.22891539
Q96S66,S509,1.406340602
O75038,S579,1.849805854
Q96ST2,S400,2.291294222
Q9UQ35,S182,1.772477734
Q96L73,S486,1.54313378
Q9Y6V0,S826,1.572805627
Q13263,S138,1.143833016
Q99575,S367,1.150688751
P02786,S10,1.229236949
Q6P5R6,S118,1.104831492
Q96GV9,S25,1.263862047
Q9Y266,S139,1.079209004
P08240,S296,2.768716452
Q5QJE6,T61,1.547790592
Q9P0L2,S414,1.075533124
Q96MU7,S308,1.384940385
Q9ULW3,S32,1.566660061
O43719,S529,1.118986968
O43255,S132,1.053205395
Q13242,S197,1.165920113
O14579,S283,1.008165276
Q8N1G0,S1211,1.762849515
P18858,S911,1.283081371
P51114,T597,1.952212675
Q96ST2,S513,2.127491353
P67870,S209,1.578306443
Q8N5C6,S29,1.328268051
O60583,S538,1.002576573
Q6VY07,T413,1.015942019
O60841,S591,1.819370236
Q8N954,S141,1.206723802
Q99567,T525,1.675021008
P48651,S442,1.878669811
O75362,S795,1.280944493
Q9BPX3,S1015,1.16486895
Q9Y219,S1123,1.113578549
Q92597,S342,1.233310503
Q5C9Z4,S280,1.24087995
O95696,S1052,1.037206522
Q5C9Z4,S317,1.295821748
P35251,S368,2.562632688
Q14683,S360,1.490535276
O60841,S1168,1.792647897
Q8TEK3,S1153,1.426067226
Q9UHI6,S714,1.199007557
P46459,S437,1.562884593
Q8NC74,S262,1.445316484
Q12986,S346,1.18183272
Q9BRA0,S29,2.054347285
Q9H582,S1189,1.449205638
Q5TCZ1,S644,2.111204385
P49321,S127,1.25457848
Q9NZJ0,S679,1.922284585
Q8NEB9,S282,1.104877575
P49736,S27,1.707159415
P46821,T1633,1.3450895
O95721,S163,1.233712484
Q92922,T398,3.175267356
Q8N350,S621,1.274297456
P49790,S607,1.497391426
Q9UHB7,S549,1.005674127
Q8IVF2,S593,2.038238168
Q7Z4V5,S396,1.459809341
O95425,S1422,1.481593396
O60293,S206,1.084963758
Q5T200,S1017,1.861326685
P55884,S239,1.941189908
Q13427,S696,1.078593128
Q8N163,S678,1.109621299
Q8N7H5,S394,1.340824903
O15417,S1136,1.362942639
Q8IVF2,S5707,1.874327679
Q9H501,S228,2.859548242
P11137,S1534,1.816258597
Q9Y2H2,S935,1.127587133
P35269,S218,1.227108469
Q96A49,S313,1.901202263
Q9P0L2,S382,1.279668365
Q14676,S495,1.165685704
Q86V15,S721,1.303776625
Q5JSZ5,T1463,1.955053139
Q8N1G2,S51,1.571098849
Q9BZF1,S331,1.435018217
P41227,S186,1.282199581
Q96ST2,S426,1.712808002
Q15758,T494,1.983147983
Q14974,S12,1.402028666
Q92833,S331,2.536483257
Q9NQL9,S220,2.090191085
Q9UQ35,S536,1.073140352
Q8IW93,S197,1.086870962
Q8N1S5,S125,1.121974095
Q8NCD3,S448,1.758103665
Q12888,S1618,2.69391973
P06400,T821,1.11639528
Q13112,S429,2.790695127
Q14566,S762,2.747503145
P46821,S2209,1.083008086
Q2TB10,S462,1.195957572
O95477,S1145,1.149123022
P80297,S8,1.105991454
O60281,S654,1.482338372
P46100,S677,1.332192709
P22626,S102,1.087713415
Q9BVJ6,S31,2.306184249
P02786,S34,2.174117076
P49790,S529,1.373564677
Q9P2E9,S604,1.106949487
Q8NE71,S244,1.264504127
O14647,S208,1.665855883
Q99741,S54,2.324874858
P27816,S928,1.339417466
Q8IYB3,S560,1.058521005
Q9NSI6,S1788,1.223733803
Q13535,T1989,1.338120352
Q9UGU0,S1372,1.721945116
Q9BZ95,S150,1.716216265
Q8WVC0,S279,1.14335505
Q9NYF8,S183,1.21361996
Q9Y2F5,T832,1.334508724
O00515,S12,1.272851385
P15924,S32,2.066871849
Q13428,S349,2.240000764
Q14160,S764,1.106233201
Q9BW71,S370,1.004716498
Q9NSV4,S1093,1.891238268
Q8WXX7,S1198,1.092667454
P33527,S918,1.832054359
P06400,T252,1.281253802
Q9NV88,S572,1.070454076
Q8TAE6,S158,1.866751752
O15042,S67,1.50133807
Q2M2I8,S652,1.816067608
Q5T0W9,S543,3.138315282
Q92804,S97,1.167704677
Q9Y3P9,S56,1.609996347
P08727,S35,1.918552448
P45973,S13,1.600293034
Q7Z2K8,S615,1.678079725
Q07617,S418,1.041422925
P13647,S571,2.396566681
Q6N021,S75,1.347226217
P45973,S12,1.446097673
Q8IYB3,S549,1.834240427
Q12888,S398,1.248222417
Q7KZI7,S456,1.043731878
P48634,T2076,1.248173278
P31689,S335,1.501784737
Q9H116,S613,1.024761566
P19012,S43,2.363849784
P46013,T2406,2.059900313
P51858,T184,1.042973113
Q14676,S955,2.069503627
Q8NEF9,S203,1.698312663
Q96SB4,S37,1.338267794
P29728,S468,1.433050786
P42566,S851,1.04782537
Q8IYB3,S478,1.008504897
P48444,S493,1.174453353
Q9UKS7,S433,1.465655221
Q9BZF1,S82,2.030259597
Q9NZI8,S181,2.396924237
Q8IY26,S63,1.124020467
Q03188,T130,2.744019397
Q9BZF1,T54,1.131665974
Q8WWQ0,S880,1.105914021
P19338,T106,2.628614267
Q9Y4B5,S43,2.904093322
Q12888,S862,2.526401045
Q9NR99,S1082,1.590976229
P46013,T2389,1.61605476
O75145,S75,1.336364224
Q9Y6M7,S556,1.76001326
Q04695,S39,2.850718197
P18583,S2031,1.289292773
P13647,S64,2.756598404
Q3KQU3,S254,1.644981923
O60264,T115,1.583311485
Q9UMN6,S1164,1.868084219
P10451,S63,2.128555652
Q13835,S739,1.818227681
Q5ZPR3,S525,1.285144384
P51114,S406,1.942241182
O60749,S119,1.057249088
O60353,S526,1.114677757
P30291,S165,1.071630934
P46821,S2271,1.114054414
Q6ZU35,S1042,1.053737717
Q7Z460,S1223,1.040486152
Q4LE39,S275,1.27608758
O43933,S354,1.111103423
P46013,S538,1.264808123
Q9H6X4,S93,1.275926964
Q9P0B6,S42,1.929752906
Q9UHR5,S77,1.822549664
Q8WWQ0,S911,1.137474264
O75362,S848,1.498705188
Q9NQT4,S20,1.007042766
O60566,S543,1.665192017
P46013,T1503,2.850755607
P52701,S261,2.501669032
Q9H2J7,S699,1.450225966
Q9BQK8,S463,1.550453243
Q6P4F7,S422,2.00369098
Q8IYW5,T208,1.651272283
P30419,S47,1.113957774
Q13129,S632,1.264382649
Q15061,S77,1.873403173
Q9NYF8,S264,1.1215119
Q9UGU0,S1760,1.274371041
Q9Y4F5,S605,1.131968684
P23588,S504,1.253203903
Q96FC9,S204,1.133261456
Q8NC74,S487,1.312027149
Q6P0N0,T1024,1.218087142
Q5T0Z8,S260,2.524665242
Q13263,S697,2.071916034
P50479,S11,1.373869033
Q96I24,S296,1.583591391
Q9P1Q0,S35,1.05801087
Q7Z6E9,S688,1.281864155
Q9P2D1,S2956,1.014594549
Q5VYV7,S396,1.479828543
P33316,S99,1.15175359
P08240,S142,2.619494602
Q96Q15,S3588,1.724539635
Q8IWV1,S115,1.049379731
Q01581,S4,1.207345819
Q8NFH5,S73,1.319759773
Q8N1G2,S53,1.266472343
O15056,S1433,1.308183812
Q9UGP8,T537,1.52711801
Q01201,S50,1.115757075
Q6KC79,S2491,1.136445897
Q6ZU65,S13,1.130634144
P33981,S821,2.484966742
Q13428,T1270,2.424615911
Q8WUF5,S158,1.524696183
Q9HCG8,S28,1.478341637
Q99856,S101,1.425569358
P19012,S75,1.034319653
Q658P3,S17,1.115138104
Q96JH7,S757,1.317645911
P13647,T24,2.268652109
O95218,T90,1.720434237
Q9H7N4,S719,1.9222658
Q12888,S1362,1.28580094
Q9NXC5,S766,1.95726112
Q5T5P2,T1633,1.753364288
O75909,S329,1.590640199
Q9P260,S385,1.5742167
Q6P4R8,S298,1.550617388
Q7Z460,S246,1.078719765
O95602,S1489,1.516171786
O95071,S2241,1.161429215
Q01581,S495,1.994626002
P51532,S657,1.590665205
Q92538,T1337,1.12606704
Q12846,S15,1.070432383
Q2KJY2,S1953,1.278744363
P46821,S1965,1.16356855
Q9UGL1,S1456,1.33684962
Q6KB66,S45,2.617828328
Q99683,S958,1.010103432
Q8NG31,S1076,1.578117392
Q07065,S26,2.378619475
Q5T0W9,S777,2.758938555
Q8WVC0,S277,1.255015856
Q9UKA4,T1485,1.738805515
Q7Z2Z1,S599,2.45115621
Q86XR8,S53,1.19631737
Q8N2M8,S456,1.182966456
Q9HAW4,S225,1.005657027
Q9BY12,S86,1.350160383
Q13610,T86,1.675739978
Q9H8V3,T373,2.073816289
Q15672,S68,2.007378551
P22607,S445,1.151923022
Q14126,S893,2.144561091
Q9BV68,S17,1.691997342
P46013,S1815,1.139342967
Q702N8,S684,1.124467907
Q8WVC0,S614,1.580170469
P55060,S931,1.431653621
Q9P2I0,S420,1.029212778
Q96ST2,S438,2.148097352
Q13835,S121,2.530683298
Q13151,S84,1.325486745
Q9NWC5,S256,2.792003746
Q04637,S1092,1.252089121
P42696,S28,1.011993426
P55265,S825,1.149810274
Q92541,S313,1.058364781
Q02543,S123,1.116499967
Q9BPX3,S973,1.932787213
Q9BTC0,S152,1.065502517
Q9UMN6,T713,2.051120381
Q9H8Y5,S56,1.617336148
Q5HYJ3,S193,1.026828208
Q9ULW0,S486,2.279542955
Q13835,S237,3.669019228
Q92922,S816,1.444836119
Q99550,S937,1.967111285
Q8WVB6,S871,1.960971373
Q13470,S468,1.267177961
O14879,S203,1.490555116
P10451,S280,1.892634059
Q13835,S205,3.212575219
O60266,S524,1.76902514
Q96Q89,S1740,1.649690094
P15880,S264,1.716871867
Q13206,S7,1.199080386
Q9H7N4,S614,2.055068772
Q8IZL8,S477,1.020254378
Q99959,S164,1.481564108
Q9NYB0,S154,1.450488955
Q9UQ80,T386,1.125205543
Q9Y4W2,S235,1.222743846
Q9ULI0,S318,1.444384676
Q9Y5B9,S986,1.872896772
Q8TCU6,S1256,1.195389278
Q9HC35,S138,1.301992029
Q9H2H9,S52,1.760903386
O43482,T14,1.978644491
Q8WYL5,S441,1.226627639
Q96ST2,S97,2.424075181
O75396,S168,1.814029883
Q9UKN8,S652,1.411101958
Q9C0K0,S97,1.424350182
Q9NYF8,T405,1.305618325
Q56NI9,S75,2.021410465
Q03188,S73,1.708782988
Q8IVF2,S4472,1.667962824
Q99549,S189,1.088246527
Q9UQ35,S1675,1.463548317
P48431,S37,3.288243036
P06493,T161,2.420945634
P35221,S439,1.451477769
Q9UQ35,S1916,1.059055359
Q8N1F7,S364,1.370357087
O14530,S223,2.246064652
Q15424,S384,1.02725791
P52272,S481,1.286001419
Q9H2Y7,S1026,1.41904269
Q9UHJ3,S775,2.118433448
Q8N1G1,S459,1.149794399
Q5VUA4,S464,1.017227001
Q14980,T2055,2.075071675
Q7Z6J9,S76,1.094151313
Q04637,S1238,1.122393615
Q6W2J9,S1410,1.049404297
Q14186,S23,1.477781208
Q9ULH0,S918,1.237093334
Q5W0B1,S719,1.791661192
Q9H1E3,S130,2.322327575
Q8WV28,T254,1.591796277
Q4LE39,T793,1.363130743
P00374,S4,1.186844918
Q9UBP0,S268,1.410622972
Q9BSJ6,S16,1.771111383
Q14004,S325,1.160186603
P19338,S482,1.112039892
Q8N3X1,S508,1.756145356
Q16649,S301,1.99427545
Q12888,S1971,1.980811601
Q9H410,S125,1.057084569
Q7KZF4,T383,1.143481655
P55011,S242,1.045243715
Q9UQ35,S1694,1.973811224
Q99959,S329,1.016628771
Q9H501,S663,2.177568219
P51114,S423,1.634063853
P46013,S1376,1.264728312
Q9UGP8,S593,1.259412917
Q76FK4,S890,2.217107345
O00567,S520,1.312532668
O95602,S1429,1.070834202
Q8IWA0,S782,1.726569066
P15408,S120,2.646912392
Q8IY63,S924,1.086455714
Q86YC2,S660,1.060311934
P26358,S714,1.986389516
Q9Y618,S956,1.413218206
Q9HBD1,S983,1.753765237
Q9NY61,S320,1.48147775
O15446,S27,1.434752741
Q8IYB3,S402,1.116972367
Q8IYB3,S290,1.881910079
Q12986,S1095,1.275976763
Q86YT6,S411,1.196652842
Q8IVF2,S1112,1.374033212
O43719,S481,1.558032792
P55199,T180,1.465687394
O14967,S554,1.428363121
Q9NPR2,S793,1.072738431
O94880,S302,1.570362277
P42167,S184,1.010175466
Q8WVC0,S300,2.228829916
Q14160,T689,1.047209396
Q8WVB6,S63,1.858663535
Q6ZRV2,S516,1.972782251
Q9NX40,S108,2.334712078
Q7Z4S6,S1212,1.116523382
Q8WVV4,S56,2.600608383
P06400,S795,1.065881053
P29375,S1603,1.863618001
P49756,S683,1.033802243
Q8NCD3,S412,2.805034394
O60701,T91,2.127781024
P18858,S76,2.282050493
Q9C0K0,S493,1.057080576
O75132,S624,1.257071446
Q9Y3B9,T282,1.560455923
O15350,S333,1.313242797
Q96S59,S467,1.018841214
Q6P158,S127,1.204986705
P78337,S48,1.985135779
Q15758,S9,1.573740628
P18887,S241,2.733575003
Q14694,S76,1.630759107
P16104,Y143,1.024158882
Q99698,S166,1.588323268
O75179,S2067,1.883153846
Q9Y3C1,T144,1.811821674
Q96S55,S92,1.129516125
Q3T8J9,S346,2.35949252
Q5VT06,S1807,1.544407632
Q02241,S867,2.377259346
O43295,S895,2.015410053
Q92598,S557,1.400399729
Q6PJP8,S590,1.292892226
Q9HAW4,S83,3.157357225
Q6ZRV2,S647,1.438360269
Q8IZA0,T974,1.411580214
Q1W6H9,S202,2.261542485
Q16629,S233,1.202036614
Q5THJ4,S2692,1.16043099
Q70CQ2,S1472,1.552137559
Q8IU60,S329,2.422086522
Q9NYA4,S718,1.809847907
P49321,S726,1.820707684
Q9Y519,S388,1.210872211
Q9UNS2,S423,1.329593596
P11388,S1469,2.906884712
Q86YN6,S256,1.122145458
Q9Y5J1,S210,1.225532151
Q8IX90,S267,1.60499406
Q9HB96,S210,1.569637103
Q9UQ35,S746,1.047971219
O00425,S184,3.658396375
Q9UQ35,S1424,1.334795851
O75191,S354,1.132740954
P53794,S594,1.869870866
O75175,S299,1.570220972
P15924,S178,2.0872033
O95696,S814,1.574412006
Q8N5P1,S165,1.887120389
Q9ULH1,S305,1.52333286
Q9UK58,S355,1.026469716
Q9NXE8,S218,1.162699367
Q13112,S538,1.1875356
Q14103,T193,1.10840208
Q6P597,S173,1.171377854
P28749,S975,2.082936187
Q5VYV7,S213,1.079095237
Q13573,S518,1.442485616
Q9C0B5,S529,1.066703523
Q9H201,S182,2.061536832
Q5T5P2,S365,1.524495156
Q8TAQ2,T322,1.946710997
Q8N1G0,S374,1.12284634
P13647,S62,3.036788459
P23246,T687,1.044511534
Q6PJF5,S113,1.324237565
Q13428,S1378,1.3071778
Q9NVT9,S246,1.307877169
Q8IX90,S155,1.561173373
Q8IVF2,S4710,2.120570576
A7KAX9,S594,1.291238512
Q3MIP1,S78,1.003800985
Q6PJF5,S90,1.066292869
Q00341,S944,1.614190155
Q14134,S472,2.41786152
Q9ULL5,T1705,1.331717162
P10451,S24,1.69892797
Q9UQ35,S2090,1.125004011
Q99547,T147,1.0645644
Q9Y5S2,S1029,1.240744894
Q6ZRV2,S936,1.432885208
Q99543,S63,1.132183973
O00515,S272,2.895851193
Q71RC2,S722,1.526872447
A1L020,S338,1.335336101
Q9H3R0,S429,1.0110463
Q96T23,S1223,1.003037022
P46013,S2828,2.229999914
O75145,S683,1.459202923
P57740,S10,1.776321722
Q8IVL6,S694,1.020275206
P26358,S189,1.352997915
Q92733,S157,1.207522188
Q9UPP1,S826,1.35515564
Q9UBU7,S359,2.274333906
P10451,S263,1.975287124
P41229,S301,1.259322967
Q13595,S100,2.12367818
P49902,S529,1.159620371
O14745,S247,1.205181945
Q9Y6Y8,S894,1.477395777
P51114,S587,2.29687279
Q9BY89,S366,1.098006509
O75683,S138,1.029266999
O75534,S514,1.681806374
P08727,S22,1.61405399
Q14966,S1667,1.026136797
Q9UQ35,T2034,1.439218825
P09874,S257,1.807580024
Q15021,S1333,1.07063242
Q5T0W9,S764,4.180223807
P52298,S13,1.210487918
Q9NYV4,S357,1.779941547
O95425,S1120,1.563797276
Q8TAD8,S76,2.38592332
P15822,S232,1.244407839
Q8NCD3,S486,2.297369266
Q92733,S209,1.685697043
Q92766,S42,1.089498445
Q9BZZ5,S464,1.271925285
Q9H0B6,S556,1.169408087
O76021,T415,1.717021703
P85037,S223,1.861900709
Q13112,S410,2.121387177
P31947,S74,1.712076726
Q7Z5J4,S1102,1.119356268
Q99567,S517,1.666665942
P46087,S67,2.643111733
Q86UE4,S251,1.900702875
Q8IY81,S644,1.066849696
Q9H2H9,S28,1.465652178
Q9BXY0,S232,1.293821575
Q6PL18,S1139,2.00634853
P46821,T1282,1.248022085
P30307,S216,2.034091617
Q5VT06,S1830,1.221037893
Q9P2E9,T235,1.058773323
Q8IVF2,S294,1.007430091
Q86V15,S151,1.000677584
P53985,S498,1.877749933
Q9UBS0,S416,1.107924121
P51532,S662,1.590665205
Q8NEM2,S273,1.644792636
P29728,S417,1.241214219
P61221,S328,1.671735618
Q13247,S316,1.547688161
O00515,S440,1.476098946
Q13442,S57,1.596075739
Q8ND56,S347,1.107285366
Q16658,S38,1.233620626
Q9UGU5,S512,1.057078677
Q9NYP3,S34,1.313085459
Q9NRR4,S302,1.280046525
Q6PD74,S311,1.676314089
O15541,S85,2.172840428
Q5T5X7,S93,1.342355621
O00566,S163,1.031429005
Q8WVV4,S76,2.711994097
Q8WYQ5,S275,1.029771366
Q13541,S112,1.016895378
O76021,S443,1.546928376
P13647,S5,3.02135005
P51114,S432,1.17889008
Q5T0W9,S664,2.491044082
Q05519,S449,1.909399944
P29728,S385,1.3882071
Q8N5C6,S28,1.328268051
Q7Z4V5,S395,1.310950256
Q9UNL2,S11,1.033134026
P04406,S266,1.07212072
P49327,T976,1.030466167
Q96NY8,S426,2.781743469
Q86WB0,S370,1.069711939
Q96B01,S120,1.277606935
Q96HE7,S106,1.463209492
Q99575,S730,1.06820426
Q96N46,S671,1.036150697
Q9C0K0,S496,1.20243688
Q6P0N0,S1104,2.188412513
Q96T23,S1258,1.224579712
O95218,S280,2.119484017
P33981,S436,1.718733524
P78347,S674,1.000654004
Q9BYG3,T279,1.08717815
P49959,S689,1.273810482
O60248,S37,2.116143749
O43379,S1144,2.135987931
Q9H0B6,S608,1.00528051
P78347,T558,1.400460948
Q14684,S732,1.577640523
Q13111,S141,1.93999305
Q8IZ40,S202,1.749978977
Q9NQS7,T832,1.000135995
Q5QJE6,S117,1.132528082
Q6P4F7,S620,2.410111631
Q96BK5,T164,1.206204799
Q99590,S878,1.236994416
Q9UKL0,S127,1.175983453
Q9BRK4,S301,1.006761818
Q92609,S522,1.405155715
Q9NQW6,S642,3.270487436
Q9Y4F5,S337,1.752126626
P08476,T188,1.111246835
Q9UGU0,S1522,1.253388625
Q99590,S588,1.402215132
P06733,S263,1.216985176
O15355,S183,1.273933332
P35269,S217,1.273072075
Q9Y248,S182,1.557933114
Q6MZP7,S635,1.624481322
P15408,S200,1.310329592
O60678,S27,1.325564455
Q13206,S803,1.414359024
O95359,S269,1.40634792
P01889,S352,1.012850597
Q68DH5,S689,1.368000096
Q9BXB4,S15,1.876749828
Q9H307,S450,2.03785744
Q9Y446,S331,1.125270489
Q13595,S16,1.143567274
Q8WUF5,S74,1.36904484
Q13506,S328,1.084039545
P04637,S315,2.052301263
Q9UPY3,S415,1.780030011
Q13435,S303,1.241590513
Q9H9L4,S175,1.042166335
Q9P0K7,T425,1.404427475
P35269,S307,2.205072966
P49321,S421,1.927474202
Q8NF50,S1273,1.189322244
Q9Y232,S216,1.934103989
Q92615,S718,1.856902715
Q8WVC0,S29,1.268588617
Q567U6,S305,2.055483304
Q9BPX3,S975,2.308007212
P13051,S14,1.80157447
Q8IVF2,S260,1.194122508
Q9UPZ9,Y159,1.014863752
P02452,S543,1.467856011
P02533,S39,1.634094772
Q96PM9,S160,1.309987492
Q9P2D1,S1874,1.14578412
P62820,T195,2.511940012
P46087,S181,2.388314248
P53794,S591,1.869870866
P08779,S449,3.377805981
Q9Y2L5,S273,1.144337523
P53999,S118,1.097455142
Q14157,S416,1.541769969
Q8IVF2,S5036,1.534769632
P28749,S1009,1.74796606
Q9H040,S268,1.186987784
P55010,S389,1.450756046
Q14789,S2884,1.59908776
P49454,S3054,2.254527021
O00566,S171,1.586921209
O60934,S343,1.230151936
P49790,S522,1.099574877
Q13835,S142,2.524379151
P27448,S598,1.197422988
Q8TEW0,S873,1.092530591
P17706,S304,2.332836844
Q86VI3,S1424,1.967491802
Q14676,S793,1.263931268
Q8N3X1,S965,1.235432728
Q9UQR0,S499,1.867931382
Q92621,S1167,1.701220507
P52272,S452,1.033950807
P41227,S209,1.421204409
P17844,S480,1.213005057
Q9H4A6,S9,1.381758554
Q8TEM1,T1844,1.78292059
Q8N5I9,S15,1.015312187
Q8TEY7,S377,1.429544379
Q96SB4,S309,1.469599567
P13647,S77,2.684159791
P52701,S137,1.853947549
Q8NEY1,S142,1.202385848
